{"cameraMode":{"drawMode":0,"name":"Shaded","section":"Shading Mode"},"sceneLighting":true,"audioPlay":false,"sceneViewState":{"showFog":true,"showMaterialUpdate":false,"showSkybox":true,"showFlares":true,"showImageEffects":true,"showParticleSystems":true},"in2DMode":false,"pivot":{"x":226.53778076171876,"y":171.2017059326172,"z":7.1986083984375},"rotation":{"x":0.07224105298519135,"y":0.008971987292170525,"z":-0.0006489797378890216,"w":0.9973466992378235},"size":287.04241943359377,"orthographic":false}