{"cameraMode":{"drawMode":0,"name":"Shaded","section":"Shading Mode"},"sceneLighting":true,"audioPlay":false,"sceneViewState":{"showFog":true,"showMaterialUpdate":false,"showSkybox":true,"showFlares":true,"showImageEffects":true,"showParticleSystems":true},"in2DMode":false,"pivot":{"x":222.18426513671876,"y":93.97239685058594,"z":12.443115234375},"rotation":{"x":-0.18669871985912324,"y":0.010903110727667809,"z":-0.002072063274681568,"w":-0.9823545813560486},"size":900.4510498046875,"orthographic":false}