{"cameraMode":{"drawMode":0,"name":"Shaded","section":"Shading Mode"},"sceneLighting":true,"audioPlay":false,"sceneViewState":{"showFog":true,"showMaterialUpdate":false,"showSkybox":true,"showFlares":true,"showImageEffects":true,"showParticleSystems":true},"in2DMode":false,"pivot":{"x":-29.472089767456056,"y":-29.89248275756836,"z":4.921470642089844},"rotation":{"x":-0.3561554551124573,"y":0.6101335883140564,"z":-0.35487452149391177,"w":-0.6123352646827698},"size":66.65894317626953,"orthographic":false}