{"cameraMode":{"drawMode":0,"name":"Shaded","section":"Shading Mode"},"sceneLighting":true,"audioPlay":false,"sceneViewState":{"showFog":true,"showMaterialUpdate":false,"showSkybox":true,"showFlares":true,"showImageEffects":true,"showParticleSystems":true},"in2DMode":false,"pivot":{"x":-1.980267882347107,"y":-2.851494789123535,"z":0.2778167724609375},"rotation":{"x":0.6272068023681641,"y":0.008177395910024643,"z":-0.006585382390767336,"w":0.778782069683075},"size":19.034751892089845,"orthographic":false}