{"cameraMode":{"drawMode":0,"name":"Shaded","section":"Shading Mode"},"sceneLighting":true,"audioPlay":false,"sceneViewState":{"showFog":true,"showMaterialUpdate":false,"showSkybox":true,"showFlares":true,"showImageEffects":true,"showParticleSystems":true},"in2DMode":false,"pivot":{"x":0.5832659006118774,"y":2.4614248275756838,"z":-3.3440394401550295},"rotation":{"x":0.5999824404716492,"y":-0.007200404070317745,"z":0.005400497000664473,"w":0.79996258020401},"size":12.042201042175293,"orthographic":false}