{"cameraMode":{"drawMode":0,"name":"Shaded","section":"Shading Mode"},"sceneLighting":true,"audioPlay":false,"sceneViewState":{"showFog":true,"showMaterialUpdate":false,"showSkybox":true,"showFlares":true,"showImageEffects":true,"showParticleSystems":true},"in2DMode":false,"pivot":{"x":0.2954480051994324,"y":3.373439311981201,"z":0.09820890426635742},"rotation":{"x":0.1006377562880516,"y":-0.005070967134088278,"z":0.0005130073404870927,"w":0.9949100613594055},"size":6.997014045715332,"orthographic":false}