{"cameraMode":{"drawMode":0,"name":"Shaded","section":"Shading Mode"},"sceneLighting":true,"audioPlay":false,"sceneViewState":{"showFog":true,"showMaterialUpdate":false,"showSkybox":true,"showFlares":true,"showImageEffects":true,"showParticleSystems":true},"in2DMode":false,"pivot":{"x":62.90772247314453,"y":694.177490234375,"z":-200.49798583984376},"rotation":{"x":0.13038180768489839,"y":-0.028844207525253297,"z":0.0037948384415358307,"w":0.9910370111465454},"size":615.5914306640625,"orthographic":false}